tier,Rank Range,OPEN,OBC,SEBC,SC,NT-C,VJ/DT,NT-D,NT-B,SBC,ST,Total
99.0 - 100,"1 — 4,345",2684,967,362,74,77,31,53,38,56,3,4345
95.0 - 99.0,"4,346 — 229,566",7951,4676,2021,749,461,181,261,219,306,50,16875
90.0 - 95.0,"21,218 — 229,579",8111,6531,2761,1421,681,331,401,329,393,149,21108
80.0 - 90.0,"42,313 — 229,780",13505,13294,5099,3567,1519,864,891,791,814,430,40774
70.0 - 80.0,"82,887 — 230,889",10581,12598,4359,3915,1451,848,893,841,784,548,36818
60.0 - 70.0,"118,598 — 231,913",8344,10864,3539,3615,1261,858,820,767,753,576,31397
50.0 - 60.0,"149,078 — 231,907",5998,8372,2615,2841,987,713,622,619,524,465,23756
40.0 - 50.0,"172,734 — 231,914",4850,7097,2155,2631,870,623,498,594,437,389,20144
30.0 - 40.0,"192,874 — 207,523",3510,5121,1471,1930,627,484,411,434,356,306,14650
20.0 - 30.0,"207,524 — 218,006",2502,3636,963,1468,461,364,259,335,243,252,10483
0.0 - 20.0,"218,007 — 229,563",3113,3679,914,1727,516,434,274,348,219,333,11557
